Workbook

Sheet Versão Completa
C2: Relatório Estoque - Poda e Remoção de Árvores
C3: Atualizado em | D3: 21 de janeiro de 2026
H4: nº equipes | I4: 46295 | J4: outubro | M4: 46326 | N4: Novembro | Q4: 46356 | R4: Dezembro | U4: 46387 | V4: Janeiro | Y4: 46043
B5: Ata Licitação | C5: Empresa | D5: Subprefeitura | E5: Nº Árvores | F5: Nº Eq. | G5: Arv/Equ | H5: Nº 31/12 | I5: Estoque | J5: Abertas | K5: Encerradas | L5: Saldo | M5: Estoque | N5: Abertas | O5: Encerradas | P5: Saldo | Q5: Estoque | R5: Abertas | S5: Encerradas | T5: Saldo | U5: Estoque | V5: Abertas | W5: Encerradas | X5: Saldo | Y5: Estoque | Z5: Saldo Período
B6: Lote XVII Era Técnica | C6: Era Técnica | D6: Parelheiros | E6: 5481 | F6: 3 | G6: =E6/F6 -> 1827 | H6: 3 | I6: 12 | J6: 19 | K6: 18 | L6: 1 | M6: 13 | N6: 16 | O6: 14 | P6: 2 | Q6: 15 | R6: 26 | S6: 34 | T6: -8 | U6: 7 | V6: 15 | W6: 7 | X6: 8 | Y6: 15 | Z6: =Y6-I6 -> 3
C7: Era Técnica | D7: M Boi Mirim | E7: 15701 | F7: 4 | G7: =E7/F7 -> 3925.25 | H7: 4 | I7: 277 | J7: 136 | K7: 154 | L7: -18 | M7: 259 | N7: 80 | O7: 186 | P7: -106 | Q7: 153 | R7: 231 | S7: 144 | T7: 87 | U7: 240 | V7: 93 | W7: 139 | X7: -46 | Y7: 194 | Z7: =Y7-I7 -> -83
C8: Era Técnica | D8: Campo Limpo | E8: 26472 | F8: 4 | G8: =E8/F8 -> 6618 | H8: 5 | I8: 552 | J8: 137 | K8: 204 | L8: -67 | M8: 485 | N8: 138 | O8: 166 | P8: -28 | Q8: 457 | R8: 232 | S8: 191 | T8: 41 | U8: 498 | V8: 106 | W8: 150 | X8: -44 | Y8: 454 | Z8: =Y8-I8 -> -98
C9: Era Técnica | D9: Capela do Socorro | E9: 36477 | F9: 5 | G9: =E9/F9 -> 7295.4 | H9: 7 | I9: 555 | J9: 372 | K9: 410 | L9: -38 | M9: 517 | N9: 528 | O9: 414 | P9: 114 | Q9: 631 | R9: 392 | S9: 781 | T9: -389 | U9: 242 | V9: 367 | W9: 233 | X9: 134 | Y9: 376 | Z9: =Y9-I9 -> -179
C10: Era Técnica | D10: Cidade Ademar | E10: 16088 | F10: 4 | G10: =E10/F10 -> 4022 | H10: 4 | I10: 561 | J10: 127 | K10: 200 | L10: -73 | M10: 488 | N10: 81 | O10: 177 | P10: -96 | Q10: 392 | R10: 187 | S10: 99 | T10: 88 | U10: 480 | V10: 99 | W10: 163 | X10: -64 | Y10: 416 | Z10: =Y10-I10 -> -145
B11: Lote XVI Tonani | C11: Tonani | D11: Jabaquara | E11: 8721 | F11: 3 | G11: =E11/F11 -> 2907 | H11: 3 | I11: 1 | J11: 92 | K11: 84 | L11: 8 | M11: 9 | N11: 55 | O11: 59 | P11: -4 | Q11: 5 | R11: 134 | S11: 130 | T11: 4 | U11: 9 | V11: 82 | W11: 45 | X11: 37 | Y11: 46 | Z11: =Y11-I11 -> 45
C12: Tonani | D12: Ipiranga | E12: 28817 | F12: 5 | G12: =E12/F12 -> 5763.4 | H12: 6 | I12: 547 | J12: 230 | K12: 168 | L12: 62 | M12: 609 | N12: 190 | O12: 205 | P12: -15 | Q12: 594 | R12: 375 | S12: 220 | T12: 155 | U12: 749 | V12: 158 | W12: 307 | X12: -149 | Y12: 600 | Z12: =Y12-I12 -> 53
C13: Tonani | D13: Vila Mariana | E13: 32672 | F13: 7 | G13: =E13/F13 -> 4667.4286 | H13: 7 | I13: 553 | J13: 301 | K13: 272 | L13: 29 | M13: 582 | N13: 192 | O13: 374 | P13: -182 | Q13: 400 | R13: 486 | S13: 316 | T13: 170 | U13: 570 | V13: 105 | W13: 155 | X13: -50 | Y13: 520 | Z13: =Y13-I13 -> -33
B14: Lote XVII Florestana | C14: Florestana | D14: Santo Amaro | E14: 39466 | F14: 4 | G14: =E14/F14 -> 9866.5 | H14: 6 | I14: 434 | J14: 269 | K14: 332 | L14: -63 | M14: 371 | N14: 257 | O14: 252 | P14: 5 | Q14: 376 | R14: 272 | S14: 383 | T14: -111 | U14: 265 | V14: 202 | W14: 277 | X14: -75 | Y14: 190 | Z14: =Y14-I14 -> -244
C15: Florestana | D15: Pinheiros | E15: 49883 | F15: 6 | G15: =E15/F15 -> 8313.8333 | H15: 6 | I15: 247 | J15: 278 | K15: 274 | L15: 4 | M15: 251 | N15: 189 | O15: 223 | P15: -34 | Q15: 217 | R15: 313 | S15: 200 | T15: 113 | U15: 330 | V15: 180 | W15: 155 | X15: 25 | Y15: 355 | Z15: =Y15-I15 -> 108
C16: Florestana | D16: Butantã | E16: 49160 | F16: 6 | G16: =E16/F16 -> 8193.3333 | H16: 6 | I16: 825 | J16: 254 | K16: 283 | L16: -29 | M16: 796 | N16: 213 | O16: 167 | P16: 46 | Q16: 842 | R16: 364 | S16: 194 | T16: 170 | U16: 1012 | V16: 183 | W16: 384 | X16: -201 | Y16: 811 | Z16: =Y16-I16 -> -14
B17: Lote XIV Florestana | C17: Florestana | D17: Lapa | E17: 26745 | F17: 6 | G17: =E17/F17 -> 4457.5 | H17: 6 | I17: 605 | J17: 174 | K17: 190 | L17: -16 | M17: 589 | N17: 123 | O17: 276 | P17: -153 | Q17: 436 | R17: 248 | S17: 147 | T17: 101 | U17: 537 | V17: 158 | W17: 169 | X17: -11 | Y17: 526 | Z17: =Y17-I17 -> -79
C18: Florestana | D18: Sé | E18: 22493 | F18: 18 | G18: =E18/F18 -> 1249.6111 | H18: 18 | I18: 589 | J18: 274 | K18: 415 | L18: -141 | M18: 448 | N18: 237 | O18: 156 | P18: 81 | Q18: 529 | R18: 423 | S18: 403 | T18: 20 | U18: 549 | V18: 171 | W18: 217 | X18: -46 | Y18: 503 | Z18: =Y18-I18 -> -86
C19: Florestana | D19: Freguesia | E19: 11785 | F19: 4 | G19: =E19/F19 -> 2946.25 | H19: 4 | I19: 515 | J19: 83 | K19: 203 | L19: -120 | M19: 395 | N19: 90 | O19: 111 | P19: -21 | Q19: 374 | R19: 129 | S19: 91 | T19: 38 | U19: 412 | V19: 69 | W19: 286 | X19: -217 | Y19: 195 | Z19: =Y19-I19 -> -320
C20: Florestana | D20: Casa Verde | E20: 15783 | F20: 5 | G20: =E20/F20 -> 3156.6 | H20: 5 | I20: 812 | J20: 87 | K20: 187 | L20: -100 | M20: 712 | N20: 106 | O20: 185 | P20: -79 | Q20: 633 | R20: 145 | S20: 426 | T20: -281 | U20: 352 | V20: 72 | W20: 383 | X20: -311 | Y20: 41 | Z20: =Y20-I20 -> -771
B21: Lote XV FBF | C21: FBF | D21: Perus | E21: 9526 | F21: 3 | G21: =E21/F21 -> 3175.3333 | H21: 3 | I21: 122 | J21: 27 | K21: 22 | L21: 5 | M21: 127 | N21: 38 | O21: 46 | P21: -8 | Q21: 119 | R21: 42 | S21: 97 | T21: -55 | U21: 64 | V21: 41 | W21: 69 | X21: -28 | Y21: 36 | Z21: =Y21-I21 -> -86
C22: FBF | D22: Pirituba | E22: 26960 | F22: 6 | G22: =E22/F22 -> 4493.3333 | H22: 6 | I22: 2038 | J22: 167 | K22: 218 | L22: -51 | M22: 1987 | N22: 104 | O22: 149 | P22: -45 | Q22: 1942 | R22: 320 | S22: 185 | T22: 135 | U22: 2077 | V22: 116 | W22: 363 | X22: -247 | Y22: 1830 | Z22: =Y22-I22 -> -208
B23: Lote XIII FBF | C23: FBF | D23: Santana | E23: 21234 | F23: 4 | G23: =E23/F23 -> 5308.5 | H23: 4 | I23: 142 | J23: 126 | K23: 89 | L23: 37 | M23: 179 | N23: 106 | O23: 106 | P23: 0 | Q23: 179 | R23: 187 | S23: 160 | T23: 27 | U23: 206 | V23: 150 | W23: 257 | X23: -107 | Y23: 99 | Z23: =Y23-I23 -> -43
C24: FBF | D24: Vila Maria | E24: 20370 | F24: 4 | G24: =E24/F24 -> 5092.5 | H24: 5 | I24: 890 | J24: 86 | K24: 89 | L24: -3 | M24: 887 | N24: 124 | O24: 150 | P24: -26 | Q24: 861 | R24: 142 | S24: 395 | T24: -253 | U24: 608 | V24: 104 | W24: 67 | X24: 37 | Y24: 645 | Z24: =Y24-I24 -> -245
C25: FBF | D25: Jaçanã | E25: 10758 | F25: 4 | G25: =E25/F25 -> 2689.5 | H25: 5 | I25: 422 | J25: 73 | K25: 152 | L25: -79 | M25: 343 | N25: 68 | O25: 134 | P25: -66 | Q25: 277 | R25: 99 | S25: 144 | T25: -45 | U25: 232 | V25: 86 | W25: 142 | X25: -56 | Y25: 176 | Z25: =Y25-I25 -> -246
B26: Lote XXIV Molise | C26: Molise | D26: Mooca | E26: 20171 | F26: 6 | G26: =E26/F26 -> 3361.8333 | H26: 6 | I26: 681 | J26: 247 | K26: 278 | L26: -31 | M26: 650 | N26: 179 | O26: 270 | P26: -91 | Q26: 559 | R26: 315 | S26: 330 | T26: -15 | U26: 544 | V26: 212 | W26: 394 | X26: -182 | Y26: 362 | Z26: =Y26-I26 -> -319
C27: Molise | D27: Penha | E27: 24311 | F27: 4 | G27: =E27/F27 -> 6077.75 | H27: 5 | I27: 762 | J27: 80 | K27: 298 | L27: -218 | M27: 544 | N27: 151 | O27: 321 | P27: -170 | Q27: 374 | R27: 264 | S27: 237 | T27: 27 | U27: 401 | V27: 147 | W27: 92 | X27: 55 | Y27: 456 | Z27: =Y27-I27 -> -306
C28: Molise | D28: Ermelino | E28: 11787 | F28: 3 | G28: =E28/F28 -> 3929 | H28: 4 | I28: 68 | J28: 79 | K28: 63 | L28: 16 | M28: 84 | N28: 86 | O28: 123 | P28: -37 | Q28: 47 | R28: 175 | S28: 154 | T28: 21 | U28: 68 | V28: 41 | W28: 84 | X28: -43 | Y28: 25 | Z28: =Y28-I28 -> -43
B29: Lote XXII Corpotec | C29: Molise | D29: Vila Prudente | E29: 13819 | F29: 3 | G29: =E29/F29 -> 4606.3333 | H29: 3 | I29: 51 | J29: 101 | K29: 130 | L29: -29 | M29: 22 | N29: 71 | O29: 56 | P29: 15 | Q29: 37 | R29: 151 | S29: 132 | T29: 19 | U29: 56 | V29: 98 | W29: 92 | X29: 6 | Y29: 62 | Z29: =Y29-I29 -> 11
C30: Corpotec | D30: Aricanduva | E30: 14231 | F30: 3 | G30: =E30/F30 -> 4743.6667 | H30: 3 | I30: 131 | J30: 147 | K30: 175 | L30: -28 | M30: 103 | N30: 103 | O30: 82 | P30: 21 | Q30: 124 | R30: 138 | S30: 105 | T30: 33 | U30: 157 | V30: 119 | W30: 148 | X30: -29 | Y30: 128 | Z30: =Y30-I30 -> -3
B31: Lote XXI Hiplan | C31: Hiplan | D31: Sapopemba | E31: 8256 | F31: 3 | G31: =E31/F31 -> 2752 | H31: 4 | I31: 61 | J31: 53 | K31: 49 | L31: 4 | M31: 65 | N31: 53 | O31: 24 | P31: 29 | Q31: 94 | R31: 87 | S31: 35 | T31: 52 | U31: 146 | V31: 67 | W31: 51 | X31: 16 | Y31: 162 | Z31: =Y31-I31 -> 101
C32: Potenza | D32: São Mateus | E32: 23367 | F32: 2 | G32: =E32/F32 -> 11683.5 | H32: 3 | I32: 183 | J32: 103 | K32: 113 | L32: -10 | M32: 173 | N32: 93 | O32: 97 | P32: -4 | Q32: 169 | R32: 150 | S32: 157 | T32: -7 | U32: 162 | V32: 84 | W32: 84 | X32: 0 | Y32: 162 | Z32: =Y32-I32 -> -21
B33: Lote XXIII Hiplan | C33: Hiplan | D33: Itaquera | E33: 25526 | F33: 5 | G33: =E33/F33 -> 5105.2 | H33: 5 | I33: 2152 | J33: 124 | K33: 96 | L33: 28 | M33: 2180 | N33: 92 | O33: 122 | P33: -30 | Q33: 2150 | R33: 179 | S33: 172 | T33: 7 | U33: 2157 | V33: 98 | W33: 1297 | X33: -1199 | Y33: 958 | Z33: =Y33-I33 -> -1194
C34: Hiplan | D34: São Miguel Pta | E34: 14910 | F34: 2 | G34: =E34/F34 -> 7455 | H34: 6 | I34: 176 | J34: 98 | K34: 225 | L34: -127 | M34: 49 | N34: 82 | O34: 74 | P34: 8 | Q34: 57 | R34: 130 | S34: 102 | T34: 28 | U34: 85 | V34: 61 | W34: 66 | X34: -5 | Y34: 80 | Z34: =Y34-I34 -> -96
C35: Demax | D35: Itaim Paulista | E35: 9784 | F35: 3 | G35: =E35/F35 -> 3261.3333 | H35: 3 | I35: 518 | J35: 64 | K35: 135 | L35: -71 | M35: 447 | N35: 61 | O35: 115 | P35: -54 | Q35: 393 | R35: 124 | S35: 116 | T35: 8 | U35: 401 | V35: 75 | W35: 214 | X35: -139 | Y35: 262 | Z35: =Y35-I35 -> -256
B36: Lote XX Hiplan | C36: Demax | D36: Guaianases | E36: 7872 | F36: 3 | G36: =E36/F36 -> 2624 | H36: 3 | I36: 68 | J36: 34 | K36: 38 | L36: -4 | M36: 64 | N36: 31 | O36: 27 | P36: 4 | Q36: 68 | R36: 42 | S36: 44 | T36: -2 | U36: 66 | V36: 59 | W36: 78 | X36: -19 | Y36: 47 | Z36: =Y36-I36 -> -21
C37: Hiplan | D37: Cidade Tiradentes | E37: 3520 | F37: 2 | G37: =E37/F37 -> 1760 | H37: 2 | I37: 468 | J37: 36 | K37: 121 | L37: -85 | M37: 383 | N37: 34 | O37: 50 | P37: -16 | Q37: 367 | R37: 61 | S37: 142 | T37: -81 | U37: 286 | V37: 26 | W37: 141 | X37: -115 | Y37: 171 | Z37: =Y37-I37 -> -297
B38: Lote XIX Potenza | C38: Potenza | D38: DZU | E38: 0 | F38: 22 | G38: =E38/F38 -> 0 | H38: 22 | I38: 2379 | J38: 103 | K38: 1065 | L38: -962 | M38: 1417 | N38: 47 | O38: 554 | P38: -507 | Q38: 910 | R38: 81 | S38: 423 | T38: -342 | U38: 568 | V38: 181 | W38: 406 | X38: -225 | Y38: 343 | Z38: =Y38-I38 -> -2036
B39: TOTAIS | E39: =SUM(E6:E38) -> 652146 | F39: =SUM(F6:F38) -> 166 | G39: =E39/F39 -> 3928.5904 | H39: =SUM(H6:H38) -> 182 | I39: =SUM(I6:I38) -> 18397 | J39: =SUM(J6:J38) -> 4581 | K39: =SUM(K6:K38) -> 6750 | L39: =J39-K39 -> -2169 | M39: =I39+J39-K39 -> 16228 | N39: =SUM(N6:N38) -> 4018 | O39: =SUM(O6:O38) -> 5465 | P39: =N39-O39 -> -1447 | Q39: =M39+N39-O39 -> 14781 | R39: =SUM(R6:R38) -> 6644 | S39: =SUM(S6:S38) -> 6889 | T39: =R39-S39 -> -245 | U39: =Q39+R39-S39 -> 14536 | V39: =SUM(V6:V38) -> 3825 | W39: =SUM(W6:W38) -> 7115 | X39: =V39-W39 -> -3290 | Y39: =U39+V39-W39 -> 11246 | Z39: =Y39-I39 -> -7151

Sheet Versão Simplificada
C2: Relatório Estoque - Poda e Remoção de Árvores
E3: Atualizado em | F3: ='Versão Completa'!D3 -> 21 de janeiro de 2026
G4: ='Versão Completa'!I4 -> 46295 | H4: 46387 | I4: Janeiro | L4: ='Versão Completa'!Y4 -> 46043
B5: Ata Licitação | C5: Empresa | D5: Subprefeitura | E5: Nº Árvores | F5: Nº Eq. | G5: Estoque | H5: Estoque | I5: Abertas | J5: Encerradas | K5: Saldo | L5: Estoque
B6: Lote XVII Era Técnica | C6: ='Versão Completa'!C6 -> Era Técnica | D6: ='Versão Completa'!D6 -> Parelheiros | E6: ='Versão Completa'!E6 -> 5481 | F6: 3 | G6: ='Versão Completa'!I6 -> 12 | H6: ='Versão Completa'!U6 -> 7 | I6: ='Versão Completa'!V6 -> 15 | J6: ='Versão Completa'!W6 -> 7 | K6: ='Versão Completa'!X6 -> 8 | L6: ='Versão Completa'!Y6 -> 15
C7: ='Versão Completa'!C7 -> Era Técnica | D7: ='Versão Completa'!D7 -> M Boi Mirim | E7: ='Versão Completa'!E7 -> 15701 | F7: 4 | G7: ='Versão Completa'!I7 -> 277 | H7: ='Versão Completa'!U7 -> 240 | I7: ='Versão Completa'!V7 -> 93 | J7: ='Versão Completa'!W7 -> 139 | K7: ='Versão Completa'!X7 -> -46 | L7: ='Versão Completa'!Y7 -> 194
C8: ='Versão Completa'!C8 -> Era Técnica | D8: ='Versão Completa'!D8 -> Campo Limpo | E8: ='Versão Completa'!E8 -> 26472 | F8: 4 | G8: ='Versão Completa'!I8 -> 552 | H8: ='Versão Completa'!U8 -> 498 | I8: ='Versão Completa'!V8 -> 106 | J8: ='Versão Completa'!W8 -> 150 | K8: ='Versão Completa'!X8 -> -44 | L8: ='Versão Completa'!Y8 -> 454
C9: ='Versão Completa'!C9 -> Era Técnica | D9: ='Versão Completa'!D9 -> Capela do Socorro | E9: ='Versão Completa'!E9 -> 36477 | F9: 5 | G9: ='Versão Completa'!I9 -> 555 | H9: ='Versão Completa'!U9 -> 242 | I9: ='Versão Completa'!V9 -> 367 | J9: ='Versão Completa'!W9 -> 233 | K9: ='Versão Completa'!X9 -> 134 | L9: ='Versão Completa'!Y9 -> 376
C10: ='Versão Completa'!C10 -> Era Técnica | D10: ='Versão Completa'!D10 -> Cidade Ademar | E10: ='Versão Completa'!E10 -> 16088 | F10: 4 | G10: ='Versão Completa'!I10 -> 561 | H10: ='Versão Completa'!U10 -> 480 | I10: ='Versão Completa'!V10 -> 99 | J10: ='Versão Completa'!W10 -> 163 | K10: ='Versão Completa'!X10 -> -64 | L10: ='Versão Completa'!Y10 -> 416
B11: Lote XVI Tonani | C11: ='Versão Completa'!C11 -> Tonani | D11: ='Versão Completa'!D11 -> Jabaquara | E11: ='Versão Completa'!E11 -> 8721 | F11: 3 | G11: ='Versão Completa'!I11 -> 1 | H11: ='Versão Completa'!U11 -> 9 | I11: ='Versão Completa'!V11 -> 82 | J11: ='Versão Completa'!W11 -> 45 | K11: ='Versão Completa'!X11 -> 37 | L11: ='Versão Completa'!Y11 -> 46
C12: ='Versão Completa'!C12 -> Tonani | D12: ='Versão Completa'!D12 -> Ipiranga | E12: ='Versão Completa'!E12 -> 28817 | F12: 5 | G12: ='Versão Completa'!I12 -> 547 | H12: ='Versão Completa'!U12 -> 749 | I12: ='Versão Completa'!V12 -> 158 | J12: ='Versão Completa'!W12 -> 307 | K12: ='Versão Completa'!X12 -> -149 | L12: ='Versão Completa'!Y12 -> 600
C13: ='Versão Completa'!C13 -> Tonani | D13: ='Versão Completa'!D13 -> Vila Mariana | E13: ='Versão Completa'!E13 -> 32672 | F13: 7 | G13: ='Versão Completa'!I13 -> 553 | H13: ='Versão Completa'!U13 -> 570 | I13: ='Versão Completa'!V13 -> 105 | J13: ='Versão Completa'!W13 -> 155 | K13: ='Versão Completa'!X13 -> -50 | L13: ='Versão Completa'!Y13 -> 520
B14: Lote XVII Florestana | C14: ='Versão Completa'!C14 -> Florestana | D14: ='Versão Completa'!D14 -> Santo Amaro | E14: ='Versão Completa'!E14 -> 39466 | F14: 4 | G14: ='Versão Completa'!I14 -> 434 | H14: ='Versão Completa'!U14 -> 265 | I14: ='Versão Completa'!V14 -> 202 | J14: ='Versão Completa'!W14 -> 277 | K14: ='Versão Completa'!X14 -> -75 | L14: ='Versão Completa'!Y14 -> 190
C15: ='Versão Completa'!C15 -> Florestana | D15: ='Versão Completa'!D15 -> Pinheiros | E15: ='Versão Completa'!E15 -> 49883 | F15: 6 | G15: ='Versão Completa'!I15 -> 247 | H15: ='Versão Completa'!U15 -> 330 | I15: ='Versão Completa'!V15 -> 180 | J15: ='Versão Completa'!W15 -> 155 | K15: ='Versão Completa'!X15 -> 25 | L15: ='Versão Completa'!Y15 -> 355
C16: ='Versão Completa'!C16 -> Florestana | D16: ='Versão Completa'!D16 -> Butantã | E16: ='Versão Completa'!E16 -> 49160 | F16: 6 | G16: ='Versão Completa'!I16 -> 825 | H16: ='Versão Completa'!U16 -> 1012 | I16: ='Versão Completa'!V16 -> 183 | J16: ='Versão Completa'!W16 -> 384 | K16: ='Versão Completa'!X16 -> -201 | L16: ='Versão Completa'!Y16 -> 811
B17: Lote XIV Florestana | C17: ='Versão Completa'!C17 -> Florestana | D17: ='Versão Completa'!D17 -> Lapa | E17: ='Versão Completa'!E17 -> 26745 | F17: 6 | G17: ='Versão Completa'!I17 -> 605 | H17: ='Versão Completa'!U17 -> 537 | I17: ='Versão Completa'!V17 -> 158 | J17: ='Versão Completa'!W17 -> 169 | K17: ='Versão Completa'!X17 -> -11 | L17: ='Versão Completa'!Y17 -> 526
C18: ='Versão Completa'!C18 -> Florestana | D18: ='Versão Completa'!D18 -> Sé | E18: ='Versão Completa'!E18 -> 22493 | F18: 18 | G18: ='Versão Completa'!I18 -> 589 | H18: ='Versão Completa'!U18 -> 549 | I18: ='Versão Completa'!V18 -> 171 | J18: ='Versão Completa'!W18 -> 217 | K18: ='Versão Completa'!X18 -> -46 | L18: ='Versão Completa'!Y18 -> 503
C19: ='Versão Completa'!C19 -> Florestana | D19: ='Versão Completa'!D19 -> Freguesia | E19: ='Versão Completa'!E19 -> 11785 | F19: 4 | G19: ='Versão Completa'!I19 -> 515 | H19: ='Versão Completa'!U19 -> 412 | I19: ='Versão Completa'!V19 -> 69 | J19: ='Versão Completa'!W19 -> 286 | K19: ='Versão Completa'!X19 -> -217 | L19: ='Versão Completa'!Y19 -> 195
C20: ='Versão Completa'!C20 -> Florestana | D20: ='Versão Completa'!D20 -> Casa Verde | E20: ='Versão Completa'!E20 -> 15783 | F20: 5 | G20: ='Versão Completa'!I20 -> 812 | H20: ='Versão Completa'!U20 -> 352 | I20: ='Versão Completa'!V20 -> 72 | J20: ='Versão Completa'!W20 -> 383 | K20: ='Versão Completa'!X20 -> -311 | L20: ='Versão Completa'!Y20 -> 41
B21: Lote XV FBF | C21: ='Versão Completa'!C21 -> FBF | D21: ='Versão Completa'!D21 -> Perus | E21: ='Versão Completa'!E21 -> 9526 | F21: 3 | G21: ='Versão Completa'!I21 -> 122 | H21: ='Versão Completa'!U21 -> 64 | I21: ='Versão Completa'!V21 -> 41 | J21: ='Versão Completa'!W21 -> 69 | K21: ='Versão Completa'!X21 -> -28 | L21: ='Versão Completa'!Y21 -> 36
C22: ='Versão Completa'!C22 -> FBF | D22: ='Versão Completa'!D22 -> Pirituba | E22: ='Versão Completa'!E22 -> 26960 | F22: 6 | G22: ='Versão Completa'!I22 -> 2038 | H22: ='Versão Completa'!U22 -> 2077 | I22: ='Versão Completa'!V22 -> 116 | J22: ='Versão Completa'!W22 -> 363 | K22: ='Versão Completa'!X22 -> -247 | L22: ='Versão Completa'!Y22 -> 1830
B23: Lote XIII FBF | C23: ='Versão Completa'!C23 -> FBF | D23: ='Versão Completa'!D23 -> Santana | E23: ='Versão Completa'!E23 -> 21234 | F23: 4 | G23: ='Versão Completa'!I23 -> 142 | H23: ='Versão Completa'!U23 -> 206 | I23: ='Versão Completa'!V23 -> 150 | J23: ='Versão Completa'!W23 -> 257 | K23: ='Versão Completa'!X23 -> -107 | L23: ='Versão Completa'!Y23 -> 99
C24: ='Versão Completa'!C24 -> FBF | D24: ='Versão Completa'!D24 -> Vila Maria | E24: ='Versão Completa'!E24 -> 20370 | F24: 4 | G24: ='Versão Completa'!I24 -> 890 | H24: ='Versão Completa'!U24 -> 608 | I24: ='Versão Completa'!V24 -> 104 | J24: ='Versão Completa'!W24 -> 67 | K24: ='Versão Completa'!X24 -> 37 | L24: ='Versão Completa'!Y24 -> 645
C25: ='Versão Completa'!C25 -> FBF | D25: ='Versão Completa'!D25 -> Jaçanã | E25: ='Versão Completa'!E25 -> 10758 | F25: 4 | G25: ='Versão Completa'!I25 -> 422 | H25: ='Versão Completa'!U25 -> 232 | I25: ='Versão Completa'!V25 -> 86 | J25: ='Versão Completa'!W25 -> 142 | K25: ='Versão Completa'!X25 -> -56 | L25: ='Versão Completa'!Y25 -> 176
B26: Lote XXIV Molise | C26: ='Versão Completa'!C26 -> Molise | D26: ='Versão Completa'!D26 -> Mooca | E26: ='Versão Completa'!E26 -> 20171 | F26: 6 | G26: ='Versão Completa'!I26 -> 681 | H26: ='Versão Completa'!U26 -> 544 | I26: ='Versão Completa'!V26 -> 212 | J26: ='Versão Completa'!W26 -> 394 | K26: ='Versão Completa'!X26 -> -182 | L26: ='Versão Completa'!Y26 -> 362
C27: ='Versão Completa'!C27 -> Molise | D27: ='Versão Completa'!D27 -> Penha | E27: ='Versão Completa'!E27 -> 24311 | F27: 4 | G27: ='Versão Completa'!I27 -> 762 | H27: ='Versão Completa'!U27 -> 401 | I27: ='Versão Completa'!V27 -> 147 | J27: ='Versão Completa'!W27 -> 92 | K27: ='Versão Completa'!X27 -> 55 | L27: ='Versão Completa'!Y27 -> 456
C28: ='Versão Completa'!C28 -> Molise | D28: ='Versão Completa'!D28 -> Ermelino | E28: ='Versão Completa'!E28 -> 11787 | F28: 3 | G28: ='Versão Completa'!I28 -> 68 | H28: ='Versão Completa'!U28 -> 68 | I28: ='Versão Completa'!V28 -> 41 | J28: ='Versão Completa'!W28 -> 84 | K28: ='Versão Completa'!X28 -> -43 | L28: ='Versão Completa'!Y28 -> 25
B29: Lote XXII Corpotec | C29: ='Versão Completa'!C29 -> Molise | D29: ='Versão Completa'!D29 -> Vila Prudente | E29: ='Versão Completa'!E29 -> 13819 | F29: 3 | G29: ='Versão Completa'!I29 -> 51 | H29: ='Versão Completa'!U29 -> 56 | I29: ='Versão Completa'!V29 -> 98 | J29: ='Versão Completa'!W29 -> 92 | K29: ='Versão Completa'!X29 -> 6 | L29: ='Versão Completa'!Y29 -> 62
C30: ='Versão Completa'!C30 -> Corpotec | D30: ='Versão Completa'!D30 -> Aricanduva | E30: ='Versão Completa'!E30 -> 14231 | F30: 3 | G30: ='Versão Completa'!I30 -> 131 | H30: ='Versão Completa'!U30 -> 157 | I30: ='Versão Completa'!V30 -> 119 | J30: ='Versão Completa'!W30 -> 148 | K30: ='Versão Completa'!X30 -> -29 | L30: ='Versão Completa'!Y30 -> 128
B31: Lote XXI Hiplan | C31: ='Versão Completa'!C31 -> Hiplan | D31: ='Versão Completa'!D31 -> Sapopemba | E31: ='Versão Completa'!E31 -> 8256 | F31: 3 | G31: ='Versão Completa'!I31 -> 61 | H31: ='Versão Completa'!U31 -> 146 | I31: ='Versão Completa'!V31 -> 67 | J31: ='Versão Completa'!W31 -> 51 | K31: ='Versão Completa'!X31 -> 16 | L31: ='Versão Completa'!Y31 -> 162
C32: ='Versão Completa'!C32 -> Potenza | D32: ='Versão Completa'!D32 -> São Mateus | E32: ='Versão Completa'!E32 -> 23367 | F32: 2 | G32: ='Versão Completa'!I32 -> 183 | H32: ='Versão Completa'!U32 -> 162 | I32: ='Versão Completa'!V32 -> 84 | J32: ='Versão Completa'!W32 -> 84 | K32: ='Versão Completa'!X32 -> 0 | L32: ='Versão Completa'!Y32 -> 162
B33: Lote XXIII Hiplan | C33: ='Versão Completa'!C33 -> Hiplan | D33: ='Versão Completa'!D33 -> Itaquera | E33: ='Versão Completa'!E33 -> 25526 | F33: 5 | G33: ='Versão Completa'!I33 -> 2152 | H33: ='Versão Completa'!U33 -> 2157 | I33: ='Versão Completa'!V33 -> 98 | J33: ='Versão Completa'!W33 -> 1297 | K33: ='Versão Completa'!X33 -> -1199 | L33: ='Versão Completa'!Y33 -> 958
C34: ='Versão Completa'!C34 -> Hiplan | D34: ='Versão Completa'!D34 -> São Miguel Pta | E34: ='Versão Completa'!E34 -> 14910 | F34: 2 | G34: ='Versão Completa'!I34 -> 176 | H34: ='Versão Completa'!U34 -> 85 | I34: ='Versão Completa'!V34 -> 61 | J34: ='Versão Completa'!W34 -> 66 | K34: ='Versão Completa'!X34 -> -5 | L34: ='Versão Completa'!Y34 -> 80
C35: ='Versão Completa'!C35 -> Demax | D35: ='Versão Completa'!D35 -> Itaim Paulista | E35: ='Versão Completa'!E35 -> 9784 | F35: 3 | G35: ='Versão Completa'!I35 -> 518 | H35: ='Versão Completa'!U35 -> 401 | I35: ='Versão Completa'!V35 -> 75 | J35: ='Versão Completa'!W35 -> 214 | K35: ='Versão Completa'!X35 -> -139 | L35: ='Versão Completa'!Y35 -> 262
B36: Lote XX Hiplan | C36: ='Versão Completa'!C36 -> Demax | D36: ='Versão Completa'!D36 -> Guaianases | E36: ='Versão Completa'!E36 -> 7872 | F36: 3 | G36: ='Versão Completa'!I36 -> 68 | H36: ='Versão Completa'!U36 -> 66 | I36: ='Versão Completa'!V36 -> 59 | J36: ='Versão Completa'!W36 -> 78 | K36: ='Versão Completa'!X36 -> -19 | L36: ='Versão Completa'!Y36 -> 47
C37: ='Versão Completa'!C37 -> Hiplan | D37: ='Versão Completa'!D37 -> Cidade Tiradentes | E37: ='Versão Completa'!E37 -> 3520 | F37: 2 | G37: ='Versão Completa'!I37 -> 468 | H37: ='Versão Completa'!U37 -> 286 | I37: ='Versão Completa'!V37 -> 26 | J37: ='Versão Completa'!W37 -> 141 | K37: ='Versão Completa'!X37 -> -115 | L37: ='Versão Completa'!Y37 -> 171
B38: Lote XIX Potenza | C38: ='Versão Completa'!C38 -> Potenza | D38: ='Versão Completa'!D38 -> DZU | E38: ='Versão Completa'!E38 -> 0 | F38: 22 | G38: ='Versão Completa'!I38 -> 2379 | H38: ='Versão Completa'!U38 -> 568 | I38: ='Versão Completa'!V38 -> 181 | J38: ='Versão Completa'!W38 -> 406 | K38: ='Versão Completa'!X38 -> -225 | L38: ='Versão Completa'!Y38 -> 343
B39: TOTAIS | E39: =SUM(E6:E38) -> 652146 | F39: =SUM(F6:F38) -> 166 | G39: =SUM(G6:G38) -> 18397 | H39: =SUM(H6:H38) -> 14536 | I39: =SUM(I6:I38) -> 3825 | J39: =SUM(J6:J38) -> 7115 | K39: =I39-J39 -> -3290 | L39: =H39+I39-J39 -> 11246
